{"data": [{"PS1": 160.4238, "PS2": 109.0127997, "PS3": 1.915241667, "PS4": 10.12332283, "PS5": 9.893727333, "PS6": 9.775847667, "FS1": 6.400326667, "FS2": 10.15790333, "TS1": 35.85008333, "TS2": 41.44178333, "TS3": 38.78375, "TS4": 30.89755, "P1": 2562.285033, "VS1": 0.5509, "CE1": 46.97875, "CP1": 2.157516667, "SE1": 55.78435}]}