PS1,PS2,PS3,PS4,PS5,PS6,FS1,FS2,TS1,TS2,TS3,TS4,P1,VS1,CE1,CP1,SE1,STABILITY
160.4238,109.0127997,1.915241667,10.12332283,9.893727333,9.775847667,6.400326667,10.15790333,35.85008333,41.44178333,38.78375,30.89755,2562.285033,0.5509,46.97875,2.157516667,55.78435,0
160.4342617,109.0109297,1.904917167,10.12248617,9.895395333,9.777969,6.405833333,10.15922,35.84383333,41.4442,38.76916667,30.89735,2562.735833,0.545783333,46.92555,2.154316667,55.83131667,0
160.4325733,109.0227437,1.90648,10.122579,9.894996333,9.776030167,6.403083333,10.15590333,35.83621667,41.45226667,38.77233333,30.89693333,2562.7977,0.5467,46.96366667,2.1569,55.79871667,0
160.42818,109.0150512,1.9002105,10.12332867,9.893485833,9.775469833,6.405321667,10.157755,35.83758333,41.42725,38.76588333,30.89315,2566.2395,0.543916667,46.94413333,2.153816667,55.72123333,0